"rank_number","name"
"56","31415926535897932"
"480","6888888"
"1866","6668888"
"2179","1010101"
"2180","0000000000"
"2761","0000007"
"2876","1231231"
"3385","0005555"
"3387","4444444"
"3822","9846335440"
"4026","3141592"
"4573","77777777"
"5353","6666660"
"5938","0000000"
"6149","5000000"
"6162","6666661"
"6164","01010101010101010"
"6188","0101010010101010"
"6217","0246810"
"6543","23232323"
"6736","88888822"
"6740","1236789"
"6757","123456789"
"7142","01099989900"
"7153","1000000"
"8634","1111111111"
"8639","88888888888"
"8678","10000000"
"8744","15268822751"
"8752","1243365509"
"9138","13327825937"
"9141","888888888"
"9296","3888888"
"9468","444444444"
"9551","18812345"
"9556","98765432"
"10192","66668888"
"10856","4163996064"
"11014","8888999"
"11018","123123123"
"11020","118118118"
"11843","1233321"
"11844","1100110"
"11847","1234512345"
"12028","12345678"
"12192","0000008"
"12478","1234567890"
"13884","00000000"
"14005","13141314"
"14553","55555555555555555"
"14689","11111111"
"14714","8885888"
"14721","8000000"
"14727","66666666666"
"15119","7898989"
"15867","0655321"
"16309","1234123"
"16412","8589869056"
"17455","666666666"
"17899","147258369"
"17956","1949101"
"18210","13146666"
"18216","18999999"
"18655","0000011"
"19463","10241024"
"19757","1388888888"
"19779","4444488888"
"19783","13555555"
"20112","01048726156"
"20113","821048726156"
"20762","88888888"
"20771","7770777"
"20808","5544332"
"20809","6667666"
"20811","9991666"
"20812","9990666"
"20816","5208520"
"20912","01030558419"
"21541","10101995"
"21749","116116116"
"21758","99999999"
"21818","4567890"
"21868","0000003"
"21875","00000002"
"21886","00000008"
"21892","8888886"
"22483","1392010"
"22500","19920705"
"22887","5558555"
"22932","8675309"
"22960","168168168"
"22965","19491001"
"22977","0112358"
"23337","1234567890123"
"23735","0000009"
"23753","8883333"
"24168","8888888"
"24580","0808088"
"24858","4008517517"
"24881","888888888888"
"25657","13888888888"
"25660","13145206688"
"25698","444444444444"
"25940","00001111"
"26052","88889999"
"26913","6666665"
"26962","6666667"
"26965","6666668"
"27131","89281101128"
"27359","1010101010"
"27752","4000000"
"27807","30000000"
"27811","60000000"
"27843","999888999"
"27903","13688888888"
"27905","13145202014"
"27907","13145203399"
"29352","0123210"
"29555","88998899"
"29904","1008611"
"30214","5188888"
"30853","15988888"
"31492","5211314"
"31642","88709394"
"31767","8866888"
"32007","1681688"
"33040","1314920"
"33050","8013456"
"33220","19960108"
"33775","8889888"
"34348","111222333"
"34720","8888168"
"34723","5185188"
"34724","6688668"
"34726","1688888"
"34746","88668888"
"35403","5206666"
"35485","8888888888"
"35486","8008308300"
"35487","66778899"
"35943","13928989892"
"36515","1288888"
"36777","12367890"
"36927","00000003"
"37317","6666666"
"37363","16304415544"
"37567","999999999"
"37866","2888888"
"38144","51211314"
"38146","51201314"
"38151","0001000"
"38152","13472775886"
"38402","8877691"
"38427","6860989"
"38428","8888888888888888888"
"38449","8880888"
"38455","8886668"
"38456","1238888"
"38503","888828888"
"38505","8808808"
"38540","8787878"
"38717","13888888880"
"38730","81828384"
"38831","8812388"
"38834","8899988"
"38835","8898988"
"38837","8878788"
"38842","8868688"
"38851","8838388"
"38905","00000077"
"38910","8808088"
"38911","1088768"
"38918","3388833"
"38919","6688866"
"38930","8828888"
"38931","9988899"
"38934","8888388"
"38935","8888788"
"38967","7777777"
"39031","1230000"
"39112","7499276"
"39114","31415927"
"39189","31622453300"
"39210","6833333"
"39212","6855555"
"39217","1788888"
"39220","6666655"
"39231","5555566"
"39232","1717666"
"39269","521521521"
"39434","6668666"
"39871","15267065488"
"40006","1008888"
"40014","18779521689"
"40349","8888868"
"40700","8888878"
"40712","8627527"
"40734","8889990"
"40803","18575509060"
"40835","8000008"
"40836","8388888"
"40840","8886888"
"40845","88878888"
"40939","123467890"
"41119","55555555555"
"41154","109876543210"
"41158","1098765432"
"41159","1098765"
"41162","000000888"
"41163","00000088"
"41168","8888888"
"41170","18888888"
"41172","10101010"
"41244","1388888"
"41607","16863366"
"41779","5318008"
"41948","1388888888888"
"41981","110110110"
"42773","0112357"
"42803","1231230"
"42805","88888800"
"42822","9876543210"
"42826","6283185"
"42986","100100100"
"43200","777777777"
"44036","6688888888"
"44198","5131420"
"44331","1111110111111"
"44382","5201314"
"44531","55558888"
"44576","666688888"
"44783","10161218"
"44795","20161218"
"45594","1717333"
"45966","3333333333"
"46198","0008000"
"46378","8610086"
"46946","4815162342"
"47496","8888768"
"47498","1238123"
"47694","8888884"
"47829","5553555"
"47832","2220222"
"48105","0000011111000000"
"48120","19690330"
"48123","19760409"
"48836","1234888"
"48978","00000000000"
"49041","87654321"
"49066","2000000"
"49261","138138138"
"49332","2885288"
"49588","66688888"
"49660","44444444444"
"50204","5566778"
"50683","3330333"
"50689","1230123"
"50691","99996666"
"51071","20150423"
"51130","5666666"
"51132","66669999"
"51226","888888888888888888888888888888"
"51546","5555555"
"51682","11111111111111"
"51684","19911205"
"51686","518518888"
"51981","8888866"
"51983","88888866"
"51988","88888886"
"51989","10001000"
"51992","9666666"
"51994","9999997"
"51995","9999994"
"51998","8898888"
"52000","6866666"
"52015","6686666"
"52022","6666866"
"52146","7337777"
"52346","4008365365"
"52457","4007777777"
"52466","95105105"
"52474","4006065500"
"52490","18999999999"
"53515","8886666"
"53567","111111111"
"53592","18181818"
"53659","1236788"
"53778","666666666666"
"53796","314159265"
"53942","2010000"
"54098","7779777"
"54100","7771000"
"54102","9994999"
"54103","9185918"
"54223","10101010101"
"54258","2122222222"
"54260","8888822"
"54386","4008206666"
"54477","100000000"
"54774","1234567890987654321"
"55160","18888888888"
"55448","123456789"
"55824","51885188"
"55987","3456789"
"55988","43214321"
"55993","13666666666"
"55995","15999999999"
"55998","15222222222"
"56009","7000000"
"56084","66666688"
"56416","0101010"
"57010","1880188"
"57011","1882188"
"57173","6999999"
"57275","7777777777"
"57305","44444444"
"57469","6666666666666"
"57477","66666688888"
"57720","11223344"
"57721","12341234"
"58084","3344521"
"58118","5213344"
"58119","67896789"
"58120","22223333"
"58991","0808080"
"59084","0000666"
"59086","0000005"
"59256","8880088"
"59396","20000000"
"59475","6666888"
"59495","62478888"
"59497","62559888"
"59501","62798088"
"59502","62791888"
"59503","62758888"
"59504","65458888"
"59506","0988888"
"59508","6252888"
"59511","0522222222"
"59516","0988168"
"59591","0000001"
"59770","1234560"
"59775","0987654"
"59872","01062552135"
"60067","4008306666"
"60338","5000008"
"60340","80808080"
"60351","808080808"
"60353","8800000"
"60860","11112222"
"60866","18881888"
"60873","1991999"
"61011","2147483647"
"61137","9996999"
"61141","1116111"
"61679","16881688"
"62267","3141593"
"62303","5088888"
"62337","5888888888"
"62364","16666666666"
"62410","1235813"
"62412","11235813"
"62424","8800888"
"62426","8888800"
"62718","1889188"
"62739","9889188"
"62744","8889188"
"63495","44445555"
"64036","09041976"
"64157","19880103"
"64238","15882424"
"64518","8883888"
"64858","3141592653"
"65200","0000088"
"65302","2017178"
"65337","12250416"
"65342","233333333"
"65608","13048736667"
"65826","0005000"
"65838","8008888"
"66317","66666666"
"66618","55555555"
"67276","1235789"
"67278","1236987"
"67281","1001000"
"67300","0896523"
"67458","23452345"
"67459","56785678"
"67462","44556677"
"67539","16888888"
"68212","1300000"
"68213","1688888888"
"68219","876543210"
"68307","8888887"
"68311","6279888"
"68314","1180811"
"68317","8881689"
"68450","8486600"
"68840","4567654"
"68876","99998888"
"68888","361580688"
"69371","51131420"
"70058","18801858168"
"70061","18508492495"
"70063","15575125738"
"70064","13585858585"
"70065","13874939595"
"70066","13599996666"
"70067","13712345678"
"70068","13488888888"
"70069","13088888888"
"70070","17737777777"
"70071","13599999999"
"70073","13579246810"
"70074","15000000000"
"70244","76543210"
"70678","8668888"
"70869","9527001"
"70926","99999998"
"70927","9999998"
"70932","2222222"
"70975","01085194615"
"71077","9888888"
"71228","987654321"
"71230","0123456"
"71508","6688888"
"71662","99999999999"
"71732","15555555555"
"71734","0000006"
"71867","15937425058"
"71924","1258001"
"72046","1588888"
"72074","6666666666"
"72078","333333333"
"72090","11111111111"
"72159","19760802"
"72167","2222222222"
"72180","9999666"
"72187","9996666"
"72207","77777777777"
"72229","52010000"
"72533","5201413"
"72640","6186188"
"72645","9189188"
"72647","8765432"
"72655","1422214"
"72709","16816888"
"73013","5588888"
"73017","15151515"
"73677","8186004444"
"73757","66886688"
"73807","0000010"
"73879","8881688"
"73941","7758258"
"74013","1111111"
"74106","999999999999"
"74205","11118888"
"74378","01046661515"
"74774","000000000"
"75387","3000000"
"75445","52099999"
"75451","666777888"
"75453","520520520"
"75475","1777777"
"75476","4008205555"
"75500","9188888"
"75511","88888888888888888"
"75516","9999999999999"
"75547","1666666"
"75550","67899999"
"75551","34567890"
"75556","2777777"
"75574","777788888"
"75616","123456123456"
"75646","6669999"
"75652","1488888"
"75714","8777777"
"75715","9777777"
"75808","6666777"
"75810","8080808"
"75814","9999988"
"75831","78787878"
"75936","5201688"
"76030","1314999"
"76102","1988888"
"76266","0000002"
"76775","6275888"
"77879","222222222"
"77927","2222224"
"77928","9876543"
"77951","666666666666666"
"78119","7777666"
"78250","888808888"
"78445","14159265"
"78453","14159265358979"
"78477","5209999"
"78544","5208888"
"78636","20170423"
"78840","20161127"
"78885","5788888"
"78888","8999999"
"78892","99889988"
"78896","2999999"
"78900","9999992"
"78921","13998988888"
"78924","12131415"
