n,name,labelhash,namehash
1,rilxxlir.eth,0x00000425b4462e19460bedb4bccfcf16d270975ef882f03831bf3d40f7342355,0x14f992cdd302644816a275e88fea2816741a571484b5e679f41c6b3ea9621118
2,voicciov.eth,0x0000d9107d07a44f64888c5ecc821b7a8f7059c5c2ee18edfd1c040103f291a4,0xc62a5d9b5deabe6aa530dce528e6c8ae441d9862bd5f24a97414e2b5df24c16a
3,journeyworker.eth,0x0002360ed9e15b89772077e10418a1886952c51077621293d9bf5ec9720e0c18,0x03d0dafe05c589787e9611449386b1b0e724429768a165e74411af58b2bff1a2
4,apt-get.eth,0x0008769a1c59bae4584577779ecf2302b30abce16e1d1515084cd130e19642f0,0x2c1bcda55f2a90fbb0cb31d27178adc6a1ab775fd3175ccf460bdedac8bbeca2
5,blockchangers.eth,0x005d1c17da926f73e923326d661b17c24b18413a6c2714faac3224adf8249f34,0xb71c2e7f09c45f06990ad83192f6364ca190d5ce2c8d3ee1b67c5b6dc84d0034
6,chasewright.eth,0x0017b0c7334610cb4f0aa074c55440d3fe711043ff6301af16888b9f15a7d8a2,0x5ab1669663adc15d68e4356703dc37659473f65f05f29d3008feef194c2eef84
7,roselandfurniture.eth,0x00033095b0df8983c66c84b7ff557a5b9b4705a9e22167ae748351d6357ae98b,0x50004077748ffdc59c6afb92187a16a60a52c8c7f1be2acd2a585ff8bf00d890
8,zhifubao.eth,0x001281b47b9eb19085c07980e3f19d3500261efa74796a8e7ef82a367f5966e6,0xf44e3e45cdc6c4f3f29f95474cc01c3c12ee397fb6b66f6cb7252b8d9ba0d75e
9,goldenlion.eth,0x00031cae69e586de4f1ff758bb2b3b4ddef0560fa55be27603444767fee3d145,0xdc9964d470e183de0bf5837a141624a66174d8daca67396129a941eb0aec7d4d
10,nickname.eth,0x012bcefd9af78659bcf06e20a295455150774767aa8a5efb2b4b7095e6012705,0x52cc65b9757949f9d6d5ceee368c7ac41375480ca2b57a7292835f68351de16c
11,wirsing.eth,0x00fa0d261534c0b01c86771af723adf0369b90ab75d6db774b8ef94970072fa3,0x7d2d90541b6eac9a490c62463ba24dc99322fd5444ec442d6d12c23ecf0c7494
12,zenmate.eth,0x00238a2964f133543bbde0f432cef2f1747fae903f85f55f8466f63cb05e5a52,0x774f472f7650039ae32577864e393fcc67ebacb063ce1296fc510aa09ae08514
13,leviathan.eth,0x00bd3bd33810508dccd99d1ff0fc78899052c81f5afda123d2e52618c31b185b,0x71dacfb4a531025de2e5f5f890fae0a2e3c2efcb2cd16cbda007f4539aa4350d
14,cryptotrade.eth,0x00970e85bb8cb45211124c30e55fddfa97d092f4359f338a37f7082a6501114b,0x1e94fbc3c938fe67240e8e42f6a7cd94f815af9dea2eaab48be650a6d3e624bf
15,niagara.eth,0x01010e70c9b9c2a3d3af568a16ec91469b1ab34444426f793a8b322113f0af9a,0xffbd3c5cb427c290bfa44d880609fd31df1a10b20b74355e8bf980cdab46e954
16,,,
17,testicle.eth,0x00bcecede6b610554afd8e229b2a155ff4ab6cd931da80c890a67affc9600c45,0xcc95117eae8859f9f2f8474fd33c2a27ec9dde9200b95da2ac7cfd0918a9df82
18,sendeth.eth,0x01861fa2cba29ccb6a2c6f94166e21c4e7a81ebfab621b8d029bb0954d357ac1,0xa48c595fdffbd94697d4c18495a9b507c4e091ca0814f864dca653f9ec05d2e1
19,accounting.eth,0x0131b777a538d2509d6ec1bca91f61ac7a25b128baf35266feedf5a53eb4842a,0x9727caacc04245d353145b9d017b187337d7c074a516bd5a452e1073a0cd6897
20,exrnnrxe.eth,0x0001640f2629bb323fca95bc13744478d5307ba0aca6e3a13f803691923ff00d,0x3e4245d28212f3c5eb09e1cd4c4b993e3a0fe85f566ce24e2fa5bbfb3e55dcf8
21,sandbox.eth,0x01a2938b29f43a6bd3fadc4dd7f2f2ab0f94ca775ad78a1230d96aca47f1088f,0x32bfeccb0baea79eec64d30aacdc4bfe1d6cc5932eb6a87fc93a410dc24902f3
22,upgrade.eth,0x00f2f7c15cbe06c8d94597cd91fd7f3369eae842359235712def5584f8d270cd,0xc60aaefd9cfd3dbe86faf39da5318466aa685da01db1e728bb1cc4fe6ad1567c
23,coin777.eth,0x0049f02f2966bed5b0d4db8f32fe6aff8a205626f19c3d8cb43d34d950dcc4fe,0x698fc0ea8922245c3709cfe085ab992d679b03c57a49892dccf88f525986a0b3
24,vehicles.eth,0x02073d098b130df06be4ce43463079ec47bcb07a16a2f7fb9b61d4fb98cd6f7f,0xf9816bc270e0bd4531cba169e7f3ad5d5b1c7e5e652cd10559ebc75710713939
25,ilfattoquotidiano.eth,0x008fb1b9c2137f51b83cffbf33c2ae054bbfc61128cf05ad9d24d6adfd14f896,0x2f69725e809531b131b4b8da0247739d2120ae93962e05c3648bfc2f2cd96549
26,nicefunblackpeople.eth,0x018339ce02149f75ecc0a3ef9d794dc80fb7226f1470a914732783fd52dbc5a8,0x0126f7a75e7e339cafa1b8de8b15fb7b724bbb057269f658b1deb5e13a25f462
27,cofounder.eth,0x00a0d4e76e3f3c5f157023cdc657d72c99a1aa80a17e6a6ac58a93165595dc1d,0xee97e429bc38cea116265c9ec618f0e6edb356f1073adf4078f72dba1afec687
28,digitalgov.eth,0x00625d48d6f13e4b1617db95c543d9902e3da67521f172bc12221a255e83d103,0x40f70c89b57c45e8783515b0d81b371d62cb8bb5d1edc6ca7e4a7fbb92ebd6c5
29,johnjohnjohn.eth,0x01985b5b0d0ac6d7f942e31f09c3325cebb07db32173b830902dce2506169417,0x7742b9508a3b03ad33c9826acab6569e0ffba24726c055fe0aa0b58a039a9771
30,chubbgroup.eth,0x00c88b93f40c3e60332f8f60ec55994f4caeb130557bb1b40ee4b2544382b291,0xc4345c0b18f9ee11d3522444522f11a50ea05fd3135f29f079ebd6c7442c53f5
31,generalatomics.eth,0x0018eb6935f356db49dbcefd7470b265e6b3b18f22a1d9a0edc72af28da7eac1,0x748339eb8c64939a1fbe29d0a28cf33a67f464c1667b6931a501d2bc3d2f472e
32,locations.eth,0x007aec5bd124c2a330bac130be2880a25b5026cbdccafa6355e7ae78953dd212,0x85a0e4516f4e6baf6a159d54dc00618baee6b6a8cdbe1d07c86f2b6514562d04
33,coindash.eth,0x0250b82203c3dbbe33fbd115c9254e8ad8f2d16bc2d06effeaf4904622b5c659,0x78a095adf1606824f3799f9e4fb0bde12c8ae43b800d7fb368152793af6ff2f5
34,bittrex.eth,0x00acfc44a01870eb59f3a613f8b0f63366148f8347afabe2a520785628b000b0,0x91ebd707dbf77a8d0cd6e271748f385b73f193af069647ca442ea3b5e8632ac9
35,gregmaxwell.eth,0x0239a39108fc8a11c6e9a011107b7f40712153fc87ec11152a51fd495702af2c,0x4c95d88063a4950bfa6a1844c825e83a35e6aa079cad55c0fb2424c10c844302
36,checking.eth,0x029f2862536728cf3d81bb75be392dac351c75448c781eb12a1c294aacc1686b,0x6d03cd1401ac0ca51791718294dbfd03aa7c6342145ed9d2cb662af79798c875
37,orange-overlord.eth,0x021cf935dbd31b6824d617240579dd5d943b7a6e2fe19576b0a87683f66c5255,0xfc867a2e20fe78e30a73f6d7ace2d3a3c5de01334eb7095ed7a98c6be594da47
38,houndoom.eth,0x00ab99facf1d102b64c1ffb51023d432d8332e81550ca8f412d13b3c4c443fb0,0x8c59169c791eaf22818b8ea2ba7ebfbc074292197aa670022b5375af1d7e1878
39,bkharris.eth,0x0305eaa3bc2b522d1b2e22786fd96f5122869b74bb8f6fffded9116a725930b3,0x76ef46493b03c98176682ab017522a0be2ca949de6dd9c174a05d6b072013e28
40,schemes.eth,0x0285254f90b26bc6a7446cd86a2d4102d7d43b6e3930a462bcbd6bd01d1589f5,0x480698be57f3ca54f5f38d2cb55aaf1899b2eadfd498f2b363130c3d0953f90d
41,etherscanio.eth,0x0029271c6712c743df20315ce930b37bd5aabcadb870ddf2b7925151c75c57e2,0xb912835c983c48926ddd1b0bb4020fc6b7c470a4e2fee7641cab10d546383424
42,sanchez.eth,0x0160ffb3cd8854017c9efe92e9030f806ce53db582bd01dab2000e388fbd1173,0xe87bffe19fffd497efd068830d1bff9740800b50820b40dd6e32edcc2cc69a64
43,marinuzzi.eth,0x030959c74db8d11e5d07cd488bc1071ebca467fa0dfbe49a3d24355f9a5585f2,0x00622576d0e2a3cd4adbd5d415763a1df0b62fbc0d7d30947d16655376c9436f
44,broadcom.eth,0x01f60e5d9380e75d76711017629a22a6ba6d06520f4a42cb1c941a761ac488bc,0xbcdd2aa4b994a278d938a36398cd3cc1cc111effb6c17e73ab4555dfae8cd10a
45,microsemi.eth,0x003a42e0866d8384fcb483db1f51e9f67fa46d0588d7d3b350002fb920dc40ad,0x1a4f1aeec9d1e538fa3099132c7b3a381d6621af18eff36dba5e0e6b9d867c06
46,anteater.eth,0x0020c54ad194d9a8517335e252bdb3a66a43d18a9afae01cc0b3a07812f186df,0x49fb06d4b137435477f0e395f18760b65f1b1c83000341c82c30d22587d14124
47,education.eth,0x033d214a7c63ad0ebd322697d0ae9662f548cb21a426f70f837bd9e1b007ef08,0x72f558b9373f264fec8e803d0675c11ed1ed4708b508baf46320d0e1c8a6bd0d
48,bitfury.eth,0x0282ebb80a2b9b95241975883a875086a400f5da565520cb0b1ec44a210cad6b,0xf1b89cd9fa166f1f9cbe33df013c6d22da80162e21389ba976ea2a179737ab83
49,undefined.eth,0x019726c6babc1de231f26fd6cbb2df2c912784a2e1ba55295496269a6d3ff651,0x06be1a3173876fec94da2c83fb831d8a8f710044f77e8e032fb29bb61a762d0b
50,internetofthings.eth,0x026ed3268fdf9a089339435a7d40e91c8b9c037066915842edf73203ca173777,0x9e8baa4a4a5c5b4a1258cc3760b42d4908a243b71c70833aa6cb3925a13cd7d7
51,trannytubeclips.eth,0x0002bb75b8c0b6729c6b73cf0b6e15cb5f408139cbd98f6f39e516ca2b231f4a,0x8c9d5fc49d88ed7155711b72220f1eb8c92aef06fc287d1df22cc3c4036a140b
52,resolve.eth,0x02412dc2a4a0554946f855b8a477bb5d50aeb5d097ddd55c2f7b4dda077bf63a,0x2f35a6eaa69043f0712b1817a3aef3a6327d464f6c860a4788dedb700eff9271
53,session.eth,0x00628df1f66b79e2bfeba52434c1db4a90742f94f88431359683f4477a56c1b6,0xe4edcf9d9ac284f1005c98b55b0e193bcf12c1993a6aa0ba5c5a35828e5040d8
54,cryptodude.eth,0x02a0bb6b82c25301778da3d4b9a0479a7927070f852017ecab1730fe8b4bdce3,0x4720f8571393b1f5105e3317cbd9a6b1a759a3954da1cf308721fd8ed6736a59
55,fireflies.eth,0x0147d4dde0c402e4a510b51e63648db53d4839d90e38183bc590d5d16ed1251d,0x27dda60fb2734b8e883d89ae542577c50650168cb5b694b41e3da68e69223fe1
56,31415926535897932.eth,0x000225011a504687258a72d31e22b36cdc9a83a0cdd4ecece9c5ff9c95a77150,0x61d4a108853a41fd917b7e960dd3b506e7707a107cc7445143f0dea9ec263c74
57,nicenice.eth,0x01af2f8452215485df69449159983ef9e121bcdf0afa109609eadeeb3f0b4699,0xce013a8005e75048e0ebac313d486f6dd0c3ec6646f6c2b9dcaff5ea9bc4eb7b
58,muchfunwowdoge.eth,0x01626f5a5c7a2123527dce0a49a04d319c7961b20c7727286d8fd15f43f5508f,0x154bf58d0e9e598adf5465ab05ea9267cd6e37e674e5e8b92e34d8ffaae4c74b
59,schultzconsulting.eth,0x0078465327781aab6dbccff63eb6c0d97b89efcb13047a35518ba6c0065ee13e,0x871ad4d1b5619938aa1013b8e26fc7f28adcac9a2f37f1d3013bd4d8dbff9427
60,arbitrage.eth,0x0142c2a2f13c78e9b34ad89c5166c24d7308886a4868ee72d45d5f0d7d8f4d8a,0xfad43db30a16eca6f5e9c382e55b029257c1fccc8fe0794f4cc3b8c00163f2c0
61,sparkcapital.eth,0x0222afe5cb5a1e07bba498fd9ea22ddbd01a464c8e08775c4bbd72c930c542f7,0x15d39308b19da359c6aa21c113d0957930baff3dc3aa7663fb0c111d7674215f
62,johanong.eth,0x035d61312cd20dafbf47374f75d9987b445b2a8533f377ba1f0569889dbf0a21,0x19a00f201a24e3c6102da8aafe97ff6ef123647bd867c98d699016fa3ac70093
63,vibrators.eth,0x02ec68725b69d9b0a08cb3f903b02825addcf8aca8f1f5b21cf71875563ac93f,0x0b9453421bc736591ecaf3a3225cfc67a5b26b0d7573f201df0b6e8cd3a687d5
64,dimension.eth,0x00a6f0236033274390274fa31239a9f3233179dd7cbfde4b2ddc74a03e937628,0xc455fcd437b8a556a100a9a33ca7748bc53e1bfeabcf8c3421bc79cfc64754aa
65,smartpots.eth,0x02185e7ce78cdb81568c049b4e42aa8ed24eaadaa9faec37f4b223d34280fa48,0xc62e6df8cd7f2bbd480896ba1abfb80fc6d2be24f9ad285bdbc7c212cb260c7d
66,suspicious.eth,0x0153c14b520cc5e521cfb7d7fd6c5a1ae978c87b01bdfb26525db7be5c11e7ac,0x6bd853dc012e2d311502f5f317ed706ec5959cde8a4d059376a64c72dab453fe
67,cbsnews.eth,0x03bf2c559579a69ee1373c0b0a66296ff0435bdf56100d6a6eb30a02e16f5f4d,0xbbb602e509c41a90c14b07babae635d49ef211ea3a3fb0d820f0ffb326c5c851
68,airfare.eth,0x00578f1d7febc23730a0d7a4365b9b62044f97190f15ad56ec2d0e7b5daeb182,0xdd5ceaa25ab23510179e37dc8e2763bf1997bcc1798d05b5c7081ce16aa2ec74
69,redwings.eth,0x02cac19a41dc0d3536c6d63c3405b3f19bc96c3d865b87f75c2a6ee70e60951c,0x8712b5765cfca86cbd3a38c0a8bb8e2b6f88dfddf0ea950603edbed9292ac09d
70,stubhub.eth,0x011463712db7eed96a1a3389d52a079cf230084ed8a698cf969013a9d7c1c8bb,0x9497527f3d3d0bad15655cf236cfda3bf06fe36ea57b8efcd98dc15c9203e7dc
71,building.eth,0x010b6fd4eff8a0ca8c7925f2d29e6173e90462d56ae99e39fa817c79f4028518,0x72008fc5bc7d8e5519b21d0e44b1ae49eb30ca1efa59279b8a6573f01ea1f885
72,brunswick.eth,0x011ba12032d1e09c668d9607dac0d0db58cdb07ebe1d1172ef966e02dcd9c0b7,0x6e4932f08e12aae9e54f3fc60f9e20077c0978364d2d1803ff7c61f3b743e965
73,secretplaces.eth,0x00cf7662b52b9e81b26f5b4a771de63d32eb798f95b15602c8eabf7f3f0794a7,0x61bc0060b3f5d347a41f83d7c5d30240b9393eb1e9ec85d5110bcfec35731bcf
74,dienstleistungen.eth,0x037633b853e81ae073184e039d35e61924c7bc7f01f6d4b7eb93e19d8af74bbc,0x4918575aee0c0ca588efcfd52c955d8ca18e89d836b55230c346255029986752
75,911turbo.eth,0x0439d6516c36777687e0ede7dbcfdf69f6076e28b9115b696f93add647de13a6,0x7fbce52ebaf11c876450151ec3fb94cff72a3262f9be1aa29da093112e95d1e1
76,infowelt.eth,0x0357ad9a35c9f5483d506b6565e5c090a8a82d91d411ec3488dbdba10240ff13,0x07a6a4a4609c5027d347a177c47b69f2b7e61ef65fa70fa44a7d43287a454cb2
77,delight.eth,0x01a755694486f8a54d04481e85f1c7893d74327c2f283e8dcd19208b1a8683ff,0x06b42d5abd0ebb6bef6c03dc0a8c08dee696190cbe7cb1402096f6ca06ec6f28
78,bitmania.eth,0x005245013183d325c16b11fea16b7885c6f5ae3b40c1fce86bd4f098f0aa9024,0xe46adf7fef562f52ac6767d57041401806074c305d8990095b85b59fe952ce4d
79,citywinecellar.eth,0x0124b6f367833b3a0ff4b3de210a060e11cbf6d5b9ecc18f2081c52048e4d754,0x44ae1c8481230e5c54827286c555e13aaa7979de11aa725722445ca2e29629c4
80,citizensbank.eth,0x02278860f1183fd9c5f3c72b725e5c271b1712ec661063928c31a31381888331,0xed84d906fc26ccd9a6705b45e7289b797573a413131f1d972718a0b3462bf6a7
81,stromverbrauch.eth,0x02d27ea964c1388c12d85f8d8cbd662ac34e761fb77630fe6ea963915b8f22e6,0xeb7411ba429dc69375f87be452700f8ab9ac8036e7711628bb4fc25cb2a02aec
82,commbank.eth,0x01330fadbe8240b22406bc341eb89ae2b10a45a1911ea252a74921dceb1634e7,0x20fa7cdc0036a57132dcd87c0e50478c563cc80483b37e0d7c6fdb162fc9723b
83,gianmarco.eth,0x01ba1220f442443e944ae79fd94f25b6eb934d0fa61b32a441dc6e084b0a0523,0x5707bd80d0e3272cd855fc61ad4c96d7ee6d65901a35ada35478c17a6bf72c38
84,wingeshausen.eth,0x0030bbb2ea5a8295bc7d7e6900555ebfba9a819ab49cc5c18888a794ff04fe2e,0x00a6eba5e210c1ee58018c9943f723b5ff6d47fd5e55c541dd3159814ca3226b
85,cipher77.eth,0x0321ddd096f3329a080f4196839ac4a00b29e12365081ea69501ea4b6a488e4b,0xcf15c9bd36c14df6d274c4af63e7ad6774a2fd56979cf0ae6d025514c97b27f9
86,samsidsof.eth,0x01576631a94308735b5033f0d175005f32efd05c4b1df02ff4071a8635442d36,0xefc3e39b009459b145600d883f8248a5df946a9c1ec4fe6e9e7753d37d86d607
87,junkorea.eth,0x00c758e4471f4669558ae0d6f056c9822df1c5dfcbd0eb48f1bdf342f58457b6,0x9cd935b601e48dd46881e5b0bb5cbf0447bc4801f9154fe546d6287202f575ff
88,deutschebankit.eth,0x01aaac1104755d2aab8c00b91816ea5a537aba2d39612a6c9dfa5e0fbeb961b3,0x9b8edc63e2c344ea20739a1b9aa7612aa3471dba36819cf36a6834fc3c2b01f1
89,woodside.eth,0x01f2a21d045debe34fba40266d48ab8f063c9a84c2e96d254cc1e94693ab9e08,0x7112bdbaee1a232eb5c52e7ce421ca6cf69081470cac328cbf2a48388ed46087
90,3mglobal.eth,0x0211e5f177273a989b0289f1dcccf54a47973dbd319fd42a769709dad4aefce6,0x973fbdb510327176bb7ea8a1573b1fac42f40f09abe9237cc001c1fbd0c353dc
91,wholefoodmarket.eth,0x025d0019956936023b0a8d7eaecb044a8b678659d13b14c91e291991e15965bb,0xcbe125509bb6e9fa30eaaeb8ec0d9e2a6e6393aa20a73d58868ab9dae9fd9273
92,identities.eth,0x01a5393d6cd730ba41e0940db2829b1daf9177928b30cb1856e9995425ca1826,0xc1ba4423ed46028a62bd25974875e316985fd9b654235a47c30fbb10c17b3ffc
93,france2.eth,0x039efee90718817071b975ca853be440c18554c7ef02bf3ae076bacb201d935a,0x67d499cc0f6430b5ee0ee2a67a546733d005c4655e1f053e42d40d4fa55437c9
94,sunshine.eth,0x03c22f62a03a267d88a784332c771aeccb05d2053b2100263e69bda2a970c6d4,0x3cb2c56e7677f227afd1dbc063f96ba9f3ba7742be71a04eea601b060e36d55d
95,tokenmarket.eth,0x03b4c6dc40cc9eaa6c2a5fb22fb75648db99f9f0938ee976c2d63c5506ab7f3d,0x4fde6b45dc3336467144df727753ae5f4394b58e754f68393c844295842157f9
96,bit-rich.eth,0x03bd060cfaa9124d01842d063463dd766b7530a2c169751c7a6f64acfb3e9cd0,0x487f22d9e2aabceaa0175f54716812b90930a571d0434dd6e7fe9a91ced8b715
97,acim-forum.eth,0x04f8298262fbaa405890937ce89002de9dc06ef97f4f8ba917eda0dee57ecfa1,0xa2a843065cd5a32d15b08e590341fe2da0fd682c30ee59c29fb24244281dc3c5
98,eth-hole.eth,0x05140689372078cf255cc9592f13536357b732c703bca1f4e084433dbe7c40aa,0x4c9ad483928f54ad539474fdb741584facd9739733b7e230f5cb06d378a9d4d4
99,davetorres.eth,0x0407bb7dd416f6999bf2b1b6580f6bb226444fabb541afc7839c317441bff5c5,0x6ce30ecab1d94cbad9ea8916dc3af6026e6ca86cff4688eedb5227a2bf0eff58
100,fuckico.eth,0x0151569a6e1be0d4f0aa578a66e2b34d212d8afb27d31ac102c2bbc345f5d906,0x31889e1e0996a28ccca31d6712321e538f31aff848e7a20f76d3fff837dae6e4
