tag,labelhash,namehash
batman.eth,0xc15b4e1c99b835827365b82a7615c1f74df5adce04808eb53a9d287505ba375f,0x6c44be1b78b49756249bfd7f04ad6b2586e2c201c45de31211e42f2a546f7ad1
superman.eth,0x32c2277d76ff8e3554c2134b75a49b72d68735fa0ae7df90bade4e6bb15b4c86,0x0a614b9bac9e5973338cdcb46fb1d820562499888bc912593f5a8727516c6bca
gilgamesh.eth,0x6570d2655958fc18884de0ae9a1cd25a0c1d89287c9c224315be603b92b30dda,0x4c54fadab2f44b2fef2e8e30bc2d883b41ff4f776d7f35f26eae8cb729c77ad6
mario.eth,0x7a2b85f4369b6e88ce0ee8003e432f9982f7cebbfdb9d1309f7ee51d14460f1d,0x12002ff52db552a010e8845a48f13a3799bf44f99b9f95180114148bc78a8d00
hulk.eth,0xdb1ce55df6f559850e227e53165825058cc295b1bb7dc090d9e98a50644f98f7,0x5a53978de5458b438c7ebf7d89020abca22aae713ed6db254414d867711e74fd
aeneas.eth,0x79981cbbe51437477bf3a0fd71bed4c355dca1ce6d10e86f009b94d9ed272a29,0xc52ae0a2272a196087b5bb56db8860e54726154d20142100bf2a90eb55bebe58
yeti.eth,0xc8160643eee7bea119c53bbb0d6414df948710e7d4e27970ebde41915c5ade44,0xcc88c7cd736bd600a36f787e1e6e8500954595e55991b30bb41fc489bcb82ea0
pikachu.eth,0x8bf4e90ee3ac67c6ce16781ceda89b0fbf04f347d49b301d28ecd6d95dd1b246,0x97f8e68b59df26737e6b5900b412972092c312a130f4a3a2d0f9878ec3d9da84
narcissus.eth,0x3cd3fdc746b5be9aec6eeaf43f8261c2c775f83df09bf1d5b413ee3af82985fd,0xb1536f83ff92067c8d32bfb1b65d1778c279e718f5175297d847f2d3ceecb776
europa.eth,0x8220cba3224360b0ac40944facb804f5911f7fe19e5bfdae9b11ef2a415f4755,0x01e5081f23dff6afd12f16d0c86f035072b8cfe16a9d6ed1c6610e77e8d3e830
arjuna.eth,0xb54e5ce6b5ae302736679395d33728c6b2020596e621324e2d081eacb726569a,0xaf1bc31435dca4152f2ff82a3caa5995692ed815e234252b7f98805b98fc3a25
tarzan.eth,0xd6fbe4e34a26a341037183ec7a3cf9dc57e5740fdeade551d2f9e50c663960ed,0x3038f45fc3ce3f2f02c2ca3cc506f40801a920ec845b11108102f397c8380ad0
pandora.eth,0xfd6dbc0ef378515198b8b29d8c08b1d195c667c70c1ac5b239076824484b03d5,0x29fc592a33ab617bc8a9ae87a4f3034311c62523862373817e0deb2ede1889cf
antichrist.eth,0xa76de4391c6d4087cdb2918b847a8661a8bdc4acb82f7db0517b09a1e3d8ee1d,0x9f23f746ebe8ddee04b14f0f4b9513fe9b988063bc5ce231b240794b744c015e
maitreya.eth,0x8bf1a9510f63d89b1528e8c7c941a5b3d842df6e257cd4696095db719bdd18d7,0x3a9ff898d7b5f4f3a4b854fb5a9ccea2159e3c689e19c0adb73c1e1ed670fd4e
yoda.eth,0x48f23589ba6d38527f502285c239bda75a1903110dce7c5a39f1968348a7d65d,0xbf07ecbbf3f8e0d045b1a75c843a895069a24ce830643b53ae3b353f52d556be
gandalf.eth,0x7d89633fc59ac1a134deb97049333e73b34e186c92660b0204df908c81805731,0x2225610e87a37abebc2bfaaa3419b678587caf8a242015715c587a3b21452c04
popeye.eth,0x6c3cab7f025afb5617227815915b1fd0b6e0b64174f2e5f40c8d48899dfeebed,0x2d720f9297e4e54f89064ff06b9b52c13bbfc0ff7fce8cf815888af51e8c04b9
pinocchio.eth,0x0d8d31bf9fbb6c13a4c004e072c0dc37e8207c96cee267c881b9d59c6df557da,0xd49261638fb44c60722e2c224128d70613d6e96e2018ce4ee8b32a2b36f3a458
harpies.eth,0x01dfebca8191b12d17a06fdfe0c77ec88e10ec6f936bf9ab7910b05833001ac6,0xd7c1c9a1fead34de66b2a9ba7eaf55feadcce20f46880428afa334b770642129
wolverine.eth,0xd2e9b1d9eb529058dae715d5b953fed513a5db7bc92f3ed40a1751fab8c614de,0x8ea105316c592cc48989c1b3496cbddebfca6f894c7061f3a38ccad86eae0ca7
tux.eth,0x88aca55e2668fc2b3a3b4ef9702c82a12d50d392156121cd491496882b808b89,0x668c1146d78d5aef250fe332e7ea820daa4aaf2ac4bf094f50337a11ab9a1ce4
thor.eth,0xe25bfc4a76f7f66ee58a22344e779097fb7774c972523e6f54fa7b7b7f0fc6ed,0x5b044655e9d6fa929108f1aa54f34830a72bde2a374bd7e53eb1af4ed01251ba
sauron.eth,0xf42ea726023245ec56ccc17a2a2052feea3e82b485d5ece53ad55241ea0da9b1,0x1add7ef5803fabc261734dec7159fd8c11a909822057d8ec7f4dec51f3cd745e
godzilla.eth,0xbd99a69447dfa24a65cd58da4c81065f92d5b62033e62b08d39251232f413140,0x1bb4e8c6512fead79f2f5555847546525701c2fd67caad08301346e028a8a3c1
scylla.eth,0x861fd74efa058f6d6e9fa7fb98f6716394afe65c4df4655d3df845ebaed9d4d4,0x76b6875728974ca390e3165ec5fe5a91460d41de0a01385f987f33cec7a203d7
goofy.eth,0x3d9a5990c32505f184c522d8bfe34069b266af462f49bb6daa315c23b8c983d4,0x9853ef87e3077c2f2fed4aeeb35c5a90a572dacc93f7360c7c84b36f9db3a94b
pluto.eth,0x32d5ea7a0637317b2a77acfc334cad8e468820f26481a4389e136bb36fb39bb4,0xb2cfaddae0e48a1bb6f4d3b051b767fde8411c6631b956b473126a18cd7e09e1
merlin.eth,0xbe43044869010662209ff76ea7fcfe94b49aee4e72c3a5da934425d51b20d656,0x1e6076fbc10f1d544ae3044a96149fb29bcf00b62c862862815d909e4966fece
charybdis.eth,0xc0b839b15cd63f08741b8b0426c2441cc6b90b907ca80f29391585cf7c7f6d0d,0x647b5ab4bbfe5760aa151bbff32d47aaa518e3651a721c9242a9b99b9188c018
deadpool.eth,0x890d81d3548f80d25ff0cae15be036cac58116f03bac8cb030c56b4f1a1244bf,0x09cdada7b772f6b7280d6df45380ac7ab9c9cb1067b245faf89d763e5a268f15
scheherazade.eth,0x3be635d50260d8e24fde04b3f8d81bf0667ba93dd9649aba82f7f045560039e6,0xf91ec539a03d0148dbb53f106dd46dc5d767beb2977ce64cdf76d94d817e009d
cthulhu.eth,0xbffecc646813c197d46dd1ed47f6b128e28f2636c48fdc4560c4bc2ce4ede942,0xf0d413e1c991a8e9419db23b9cbcbd7df2ceb8ee22bae7dad37398b87ad0de99
catwoman.eth,0x47fde7cc516ec8a0b52d9bcdd1e919224003e2dca12e8c870b1998132c7d6a74,0xd797fb9f68802883c0713824cde5fa2b5e8fc725e362eaee56a3f9e28801248e
golem.eth,0xd4e39c84da0a75928c17f94f3b74a17296e1f4d3f2b01e3d4747726dfcc5cd7e,0x425d4255a3adbf9796dc063334e866b832be0979bcef8d3fef4017ee7c517c1a
thanos.eth,0xfe1d754051f268d80f70f20766d59e07fb9ff0acfe53950d30db51d91b06d31d,0x577daf8e3d6044d872c5e375000a4281f9831f05ea85ffec7dcb81c44b3ac818
daredevil.eth,0xfaa3fe34091a486842ac5a36ac4a6e2fb3f133b70e7a732a237a5273038c836e,0xe0fb9cd7c48ad3841735260795eae88412cae00887e6072c2973bc45ffef5c57
aragorn.eth,0x450c25bdf47ee525626d199c1bb811c5d556e4ce809ffbc71fc022804e09fb8c,0xe9fe7aa7deb2e2947f6c2166a1b435eae3e6f5b5d1ff8524122c3644a2dd4c5d
kraken.eth,0x349df53c2354c03b3f1e2f33eedba00012c782d21c60ee340671dfbdb362b724,0xfc1f3cdc0a1ad78a39c2f519bb2462c835cc5514b98b85b15804a2efb3a0a4ce
goku.eth,0x3a1a5ae0a455833bd7de888aea3d67ba7aa67fec0cb35f8fa989b650ba7baab0,0xb6d7bef5029dc19f6743b5ff01d6d7dc35da5004727395a9c763d61a6eb1b468
palpatine.eth,0x70008715f4d456e6b7d2c26dfd22b7ac5e5a4e16f5516c8baf32d12f44bb3c9c,0x29819eed2c70a28b4b1dec84d55e41f844f793286300844329ceb58bfa8a2442
flash.eth,0xbd285076e0e7bc276747d4b671e27112fad564f7b7a2d750fe79219f371bfaa2,0xc740dd1041a776f7833984bea76d7422cdde66c202bd87ea151bafac0683c9fb
luigi.eth,0xb11c8f6c8c7b708e6f7f85bd12ad3215e3ce72e52f9fc1c3bf9888c1f40e3a98,0x4ce55b7166d7b051359e539cb1b49a97e9e9a986c8c472430ccc9e2ec5bd2a88
gollum.eth,0xe247a97ea5cd39050abfa6c42aa556c27acebcfc7386256ea256be4c9fc8109f,0x635e1bd179026ec7ed6f84d9c263e366179fa0b775434c318f13e83dc47ae552
legolas.eth,0x23623ccc804a687f2076cec17986c6a680ba1b7e3550e231c8f5dbd31f88222b,0x70407c853ea68e3f3b67dd2528038ea42bfc9d12a146aab9efdc5d5b0f975a06
faust.eth,0x5c01d684b5f9227f9c99acb98718649c2d9ff0a73ba8edaf51401cd4890b825f,0x02720ee04b784bc2f8512393d1f0229f0c8abe9bab71e9f6114a878bbaf89973
smaug.eth,0x997c7353623997cb46869f594635a02d2cb9620bc4c198a201162c2f261d2708,0xab70acdfb674916942dd5113e2db7410392b77781fa0d8a118647b79130e2c74
aquaman.eth,0xc498fc468f9df30d9f6507a79b728c67d9657cedc68c67b630995015b31a7773,0x57124b7d6c6cbe1a3075ea8979ea6d12c83c73b5600d8bc1283392a76e01ab17
lancelot.eth,0x7aa5624b37f5a700242c796becadda6d9f254344c8a92d500b7faf9f22505427,0x578d515eeb3060028dc4e72d9a20c2834e6cadec16db3fb11659edf37ec1ab04
chewbacca.eth,0x9c9a9df692a343239fc4ecc51ac21173e93b61940be96e022cfa82498a00232f,0xba31af34cf4b99af6867fb9660df2a6bf2e460185ef6591c55bf72a86c4906ef
zorro.eth,0x19b37af256eac1d837db8e239092a5fac05c576f8f21596cc4800d28c71a6f99,0x82816e896bbdc3baa76862cad5747e0145de89eeb23a59794403a712d3005704
galadriel.eth,0xbac4443e35fd02957c8b77195ed456ac7fa4f405af9268b6ff7fcdd2d699f9d1,0x84fd050d6af23095bfd92c79512c093f1a3edb20e8bd27c156f03deb7c53acf6
krampus.eth,0x282078d265eea1d76257a22ec05b8cd30877830e8537a552176c57f373a4c760,0x931e28b0ecc3f329bf1408e500ed6e408abc5c3773a79af5970858145d50f793
snoopy.eth,0x7858aee409644635f918987d5910192b47450f36bfdbca1aff99a6b8682c4025,0x8d7c02175eb0a4783a9488603ba1712893b28c56bf412ac459458217a8fe8b8f
mephistopheles.eth,0xafeaafba41537f66934036163aef52d0f7e8e4cea331f4eba03d720071ed707e,0xd0265a4f7b8783fe7a28be4b7c235a36c1c65096fec2f6d1d38b9c8f729e8e4f
bowser.eth,0xd0247896f9e586f2b181e579edd960f2de25a6bc2e5a851c1d5c1877f1723920,0x467d4d484138a86e4a7dd0346793e47366ff7be49dae81a2715df574e14552db
saruman.eth,0xb8c1a5f905ae989b5a8cdafbb41e2698b535ace864a1a75fd6b44670ecbf48bf,0x4cc9700e76a17a6256ce79dceafe27ebdffe1e5cacb62f17f93837a1b09c8097
grendel.eth,0xaf551d7cc6062d1563881dee629aad70f5a9ddf8935ecad0114e9ea55d2a880b,0x9027126d9e3775b645d1ef6200d5b01487e817c7c4e18c9eb122b18de597a00c
guinevere.eth,0xa8f069b41b715ba7e4f63ae9a63122890a4ade66e75399b57b3ef51fb6a14ea0,0x76eff54471e2d9b173b625a9883ac98d4165735169cc6672c5f256b10b01c6a4
obelix.eth,0x1f7e8ad15999231ca4f671a8f12d9e7f54c8b6ae8da986905167eedc895abe42,0x88f94c9bd36e3358c68f04eb0d59911d563e9b2ed8255fec38f329d5868ebfb2
elrond.eth,0x97c02783e810b6bda11fb52118e1c866c9d22c9247322e024af300349dc749fd,0x501e5dc5c7ce0ea04a5f00fc57ff3f8477d5a82d3f9473db59c43d65b7fe8245
arwen.eth,0xdf74f3b9217f31cbe26591f34bdeceac7c27caa3baf4caeff2fe1dfe395c35b9,0x1dd3145a97cc85c38c39b42e998c0fa8659241d2fc7343b0cfd09a1a3ec09380
rostam.eth,0x5f9c7ba995f4f60603406a6f76c09dc47110988c11cb2d225c89be6472bc6638,0x126324b01665975d56c749fd9b05bbb9500e7e5a194fe98cae9c1d172423f7ba
gimli.eth,0xf0e09f779ff95ca8d2598360c0c0cf38ee49587390cfdf40380aea9d072f8ab8,0x67faf3fe22b4eac76016bc9b9be3fc0e383ff985f8737a0af5ad04197ad5e696
cheburashka.eth,0xce46968d210317750e8168f6afd96ecd52e07751bc3ff424f315c2d6821fa83e,0xcc3c8da019b659c57e2b4b161b392150f27ca1328db0e8f217e4053bbaa703b2
harlequin.eth,0xaf8baa650a77da3bd0f13ed49afd4ab747758a559072d2d4f7bbe4e2caf8ac42,0x7324c44195c0d085618cdbdc56460d3034817961f0d3f40b8e74f297a542fc6c
punisher.eth,0xddfcb4c7ecfb0e552f5ef35d40937e6bd54952fe7b643697588975472046d797,0xe084ff1ad5618c5fd04d3114f7aae115a817d60db8b5c952b2b79e7cdbe7d9bb
batgirl.eth,0x85ce7b63130acd49008ff596ce4ce095d59cee0c5ed21c5f59546ded37341b95,0x07b366d8d244bea2e3e88561a529b193f184e61be84c3a66f7c37a253a22058a
tintin.eth,0x6f505379d5cdb9be3a36e4efcbea6b110e8516219c252344cc629d2b6e84e610,0x8f2f81d27473980ae9e865c4cfb6fa73b5017c8a3f8764e14015b65aa626481e
tengu.eth,0x02bf9ade3f78b19b5264ee71d0f119a1ba40352419006b4a85f99100471df8ea,0x03ffc855172b611f9922d1e0fb25e14e38ade95b02556b1ba40f09e2a86cd835
yoshi.eth,0xd4d61c67ccce616cd84bd5143a0b859d23761e274e0b38e174fb41e6c16645c1,0x0601e41990feb23ab29020eae8435fcdb24ab009fb0210aa62164418228c5b1b
morgoth.eth,0x8c8ae67bcbd0cb80b1c668dce86d89e6fd19474a9419cf35ef8c0a6547567fe5,0xc142769637c451204f2d63e33bcde483334a3b99033e091179f45678607176ba
serena.eth,0x1e54e6b64e99c0b6067f05ec3fd1c6de1ae66a267befc8b83a8347fdb005d882,0x5e437f9f8261bf995f8c554f460e0d984f713885265bf64633e76de6926bcb42
venom.eth,0x09280e0ae0e1485e47049384956aa2892f2f9e7cd7fb06b839cc5d2a42bb4956,0x00b030a84d6308a75ae1e1ace53ecd0ddb332451f811f0fd3b05b93f551daa79
boromir.eth,0xc6729d1abcc9a7203951e6edeaea476649f02285c91bc0522d8a98047bd6bb4f,0x70a27bd83cfe27c191b44f3dd313ecb2edd450a798c2c41097e1a39db67d7fac
kirby.eth,0xc5fd0dedf7fa423e5e1c4cd5cdd40cb740487b227de0ca1423bbcb2a37b24030,0xd264afd2436f432a4dffcabd9a821ee8ce809fb134f3c93762f89c351d75ea22
snegurochka.eth,0x03177f9cb0777be83473a009d9f3cd831081a5cf0cdaa8cdfaf28a3d54ec683a,0x154646514bc98f44f2ed4d7f449abbdbf6257d6b11c98b55299867d0dcc40fd5
hawkeye.eth,0xeb77e2c9d6aefd545b21bbeacd5c8a1f0f9c8c1c2a53bcf623105dfc328137e2,0x8bf1ec4e5fe2f8b5af05f2e7baa57573b9d6562ace732b4772d6bff5f1cf6b4c
spock.eth,0xf86b441daa854b5a15b5ddf2a3c401a4569bb6b261937ab851311145c5cab90f,0x513b3c5c8da9095bc6f9ae8394d509eb13da3fe6a7f2e959a7c678c572e27aaf
tardis.eth,0xfc80c55ac3d748e2156c27aa6d0f7847aa560728717106b08c0f872c783a0642,0x142a54703cc64bc592d9013bfca94f641cef08d65e64ade68d466dc783104e3e
ashvins.eth,0x6b9878adf8e4de1bcb84218d1fae0bb6c8b0cf55dd4efddfb7704c0d0c28dd83,0x7e2382cf0213158435c307f1378674eb329d21450b6bf01c41d36e5216484812
robin.eth,0xaba61bbb4ca3fda6873bc27445c6837f002fc3bcaf5b38210d9a52c6484942c0,0x072e58f2cbdae503b19eb290382800da9560f6f960f93bc8368cb2a03387bf71
gawain.eth,0x976983a9e933413d6f58bbbe40197d05d8956a88c3b6f019f4a572aac947dab4,0x471e4e14fc15afad35e5e787650833497043afaacbfeacc35034ab7de80ab707
gaara.eth,0xc5ffa33f0723fcdf7d32ea8079265f66b337221e3bcda7122a03c368cb194cee,0x4a23303437d002cab7f3e2cc0e9597915fe7b575a9dded1ab25a1f5558854807
wario.eth,0x04208e442d17d263268bf25860ba887240b38a474253ef813464c04ba9fbfa35,0x266e3aa5e500379fddb232f787357a1ea6ad9e51e5e6ca751704394c92a9daac
vodyanoy.eth,0xace81fd825776d92df4204ae384e2a53d2e81e43ebe71a09f78fff5049b019ca,0x08acb47f954c602295ec72adaf37086ac69b71707336620eb541142b772489ff
riddler.eth,0x6440e79581c2a959ab2e1095fe3845eed8aa43ee0b4466ed6371411903cded61,0x3da5766d108d923323e87630145cab466f472b1da073b6a38c98c64067c16e86
faramir.eth,0x78c874d38429762a508ad7d97037b4eaaa101cbd0b248140dfedd5c44b81f642,0x4b5d3a7b09d5ff2e5de7b9a0fc24cc240b119540c4184ee6702f315eca902382
isildur.eth,0xd2fe23f4bb5c4221920243f230ec16d76e031b1d97373e69f5329e6fca99ca77,0xbe863ab28661b8fe6064acaf6f4c6c8bcea284efea191533e489f19e86e72659
domovoi.eth,0x1fe567325a4fbef154ed2c53dbc892d18e9e27ebc701663855d82a1b0179d9fe,0x488ad54364a095807fd30b1ec72500f85d76ed39f61d01a8f2252a7a83083244
narada.eth,0x44946dfb8862f27fe70bc842a35e2807488cc10ac8a4765e92791e111d55e400,0xed84267f37576badb180589386b38e89def25d89f0685c13585bd0ed02ceaeb7
magneto.eth,0x6ce622bfbb5321fe76686c7f984af9b396f28a743732a8c684b4e3b16b8b4db4,0x7b2f2478cac3178419fc26ba71c0a7dbdfab0ed5766ad060742a24600ead8a48
rey.eth,0xf45aed469921e7f98c013b076fdc288ea4d8bcef6689f64dce2cbc720003547f,0x3e7ef6ca0c8617dc0aae3c3ce78fb742bcf8bc99a16d4d483234db6e63123def
tweety.eth,0x9fa2758c88406b8e2ffe4df67e4fdace92682db8529eba25e0a2c1192a804f42,0x1dc34ceb09bbe2e49edc35827e71734e0c66e2381709f26ad633aabb2b127045
jamshid.eth,0x6217895995e6fd640119d29c70f9df7b459b0a5922b889b888c4ff133db741fa,0x23133a19b6f2e4a3ae7c5da29910d68f46c263bd0a1ca66929ce224177c14edd
terminator.eth,0x69a12f46f8bfe46f52b36765d079f452cf81e4d4650a9d0bbd086b05350d3b7f,0xe4cc0d2b49871927f664e77465c21be7a97fc770967e3fa7fa35102b56f22fe2
befana.eth,0x3d7813650347b47b01347a5b9d19d8c071e47e6580adfdc5eacb76e3f7bbe792,0x81b5db0a77ef69d23f49332582b318831d6e93b1b12e50ae87a9dbcbcc6260d4
supergirl.eth,0x3cb85db542f349cc2a6ba4c7243e78b089e2ae5364edb40f1fc34e6f6b246d27,0x91c1abe6184d2dfb824d149806907ebfbee511773469108ccdbcd25edd4fc838
elsa.eth,0x8bc2addc3af17412b103a1a369f8ba89104e50ce23b8314d42b759e9f32c94dd,0xaa04ab2f768af5bac91422b195f979a050c227260baa48170505f20b8668f25a
pete.eth,0xe9ed74868c09b1eb46af1ed9f5f99b4ea07814ad3c92fa3667ce7e20a87a8436,0x134a0c0339e2463f19540cb5cf3cfbf127ce8c3e80c5a9bef6deeccdb456a428
ossian.eth,0x7f1cdb4f3f41a441062e27ffeb14d49463ed1f9a21188668a8347ea8df47112a,0x8eae690cbb0b6ff437e367f0dd2ed2ecc44c5d0eb17557e39695094eba5ac8a9
abhimanyu.eth,0xe14e4411cab9d0dcf9599f9afcc976b2e8ae35d90d2def1dd423882cd98adc4d,0x1f5c23a91c3ca6bd8e4930c2c7d2db2741231ab556e17be2e179c665aef1bc58
shantanu.eth,0xfb3a12aa820aa83950af8d2e129c9d3dbc2437c323b7b9b4f15e3960bfae1193,0xb0d1d224847fbb1a77f23c4842f57bae38345b5b1917d4211605ee176e7096b0
quasimodo.eth,0x50534cd068ee109e729497f1b945306096461e9f17867248bb481d3c6d1ca731,0x4923ffe218e7a83077c0aba5dc792ff326dee4400c558b1089e02a716f62fb6e
luna.eth,0x97b09806564272672874ee395276f6a68548a95c98d42142c6b3d20be2892ba8,0xb03900155f062bf7b0c3d53d4a55dcc9e64fd38608a02310107251babefc68da
utnapishtim.eth,0xe8653e8f11c2bbb1f783a28543382a6eb028b5a94e5f8c04b47b52715c01efcf,0x40b2bddea6e251697d42ff5128918fe3ae205e861e8ec02614d997f1ba57182c
link.eth,0x90430203e2d9ce04f00738d355173358b054545ecb52218de9c6fb01cbd9aeaf,0x2a6809d89b86dcac7279dac984c34968a4be021e90fdee686b70f910eee5411d
charizard.eth,0x7e964cf90ca5aa3a9320455fb571204dc3a0f52d621110673df091a3e14ddc2d,0x8b27a9b4734c7b174ed89871849c8dd2c23be742db858e1d56289c773113dd89
mowgli.eth,0x661bcb61e4b21e8abce0128f31e192d9fe311700ce5055956ff423e79cdf0222,0xdbc143ed8a60c4eb09fad48362806c78e1347926b145ae9514f6a7015a450888
galahad.eth,0xcf51f243e23df848b47d313c10fc0208919c049187c8d40a41c9d33bec6b1caf,0xea423eaacd86fa72299edf153574cabd6053575304d2c8e13590531a5f8a20fd
percival.eth,0xd8df377d9b881c3f17dd230d2eb50cb23d3e0d320c7b21179c49b62eb60e11e6,0x4645500921c28d90cf75c1071484348a3084e6036a18908c2d19629d2e8b56e3
fingolfin.eth,0x84583bb1c0ca80009072f1eb0f483a3e3b867d61d945452d077aaf9dc0894c0c,0x3e7a1b5e77e7efedb9d9d96cc4b80768635bf5b5d36f8c0e89549e9c6bc2effa
asterix.eth,0x356ca50d16f7f14770d240dd6cbb7af14536db2bd5a3fb86169610477c93ad1c,0xd79a7c3d0408c09e6684654c272dd423772108085061331163cad876424aa218
blade.eth,0x3e7102fb5e64625c9d87a6c179dda4af7efca745f6ecbc5bf2af47913cfd1531,0xc4abb398d2d1dcd9b2ba64d9131de97ed73445c366fc950b433839eef0dd1ac1
ananse.eth,0x81ba27c8010f0a3835ed77ec883e88d5c4fafcaa5a665ba1cd82a2737d05b022,0x3bd773029a0605b61ba0ccc3bc41069c0b5f8a209ff6f0d5e3d2c99fa0de4f5d
aang.eth,0xee46d87b402fc28d0d1c1c879fe4d48c6c962195d068d45e4d4335bb0abe2bda,0xf3c45fe561370b1125621c63e146e8b9cc48f87f23bbe42bfd4e297168422ddb
adapa.eth,0x81dcef223f6ac10c6d68c8e9009bdc4c966a1e8c6b34649be7f7041e923399e8,0x64c0a11c33da7d1626b6566a98380a614175401361a34ba162aeac2b59d4b163
ahalya.eth,0xfede5f9a8b49c188a4de123ebb3e4ba0f4706db5c2de7a67209f0667cc27f2eb,0xd20aa549be87d184e7c5975d74f5d1bcc6c1a67b8fc1228633dc4173d1e33aaf
hippocamp.eth,0x558559c2244d622a0c1211522a6c8aa8df1a11e7a1b0db4890d9543be294631e,0xa91b60c0c5b138efcb052764a14f85c6d0b77264d844bb1e5d6a87bbd3dae56a
sinterklaas.eth,0x7fd72398c5eab94759a91473d8ec46e7727403eee44fe8d798892dfb5067cffa,0x70f3ee294ac52222b0ed2167f667c89a723851885a17c47c706ca657957249e7
thranduil.eth,0xbb70f63b46a6aef4bd24553520579251bff5cc196d1575d8f350ba47c553cb08,0x0c81ac33705060e31c695b0afbfce2499715b36bec9cc1f1d985068c97979e54
zabivaka.eth,0x8a24f105a929a100e14dec30af2663b80705d088e2fadf9900be975a82b2c187,0x7245f95f3efb8feb9c77f6a4a512e781e97757138db67f24d896a889bd939ba3
gambit.eth,0x9be5116efc461a32920405c214c93a56803ad19e82cf5ae0355535e2ce22b015,0xe741f371ceff1c51697735d136ba1549c4eeb29c294569115bf44c3d3bfe7527
vegeta.eth,0xeb39e866e72110c878e33f34b4312bc439e23228cf0b9b8dbb7203f2a50bee85,0xca7815f39caac04e95ce508eabfb313083d05c207dbf48e3ce20b5de0209d945
storm.eth,0x06fb9f5604e3b667d607483fa08dfcf64cd3ca9937bb3f8e6ffe433258c91a01,0xa54a097d3cf5489f43fc29f0d0deabbab33c5b0ee777e4dc932150e9544c597b
bane.eth,0x89cce8c3ad6b0c67bf5f381a4f1ab5bad7ccf5971b7c55b8c185ebcbb444415f,0x22a87e52b94b0c810cf70f96d01635112f5fa6ae73563f739d6990dace98d058
cyborg.eth,0xd42a8a5bdded033d552c6acdebaa2ac8929d2d11ec9d33774d55199cee2129dd,0xe45cf507912c156076298aaaf540f11cc3d68e6a2d49830176f7f76bad008c58
radagast.eth,0xe337db2f538b914982b74fb9d9f9f4dfd99992bb274e5c003f66664a39403f49,0xbd92bdf317a0a23008d133d586595126c71f07e55f57d27c322d630cb4254f85
denethor.eth,0x345d1ebdfa1120be6782e11cb25e7ae615271c9493da9642bb4ceed9b8af20f9,0x114a2d34255d3a5d0d8766d101e19025a4d4951a5f0465c0c0cc6f602647b5a2
ophelia.eth,0x30856d3a73e015d4c9a806469f2317f02509a9fe74c3d87f0860242f63d09cbb,0x8e184639458f6165939ad444d005a125fe821d2702680a26898de05bb7f98860
alice.eth,0x9c0257114eb9399a2985f8e75dad7600c5d89fe3824ffa99ec1c3eb8bf3b0501,0x787192fc5378cc32aa956ddfdedbf26b24e8d78e40109add0eea2c1a012c3dec
orochimaru.eth,0x3f4e30d526f2d9184aa51f8aceab9b23a17eb42fba899cb9bba262ecb7c4015b,0x1a276186a94ee4b12e70d43cf289841d175eb52ae2746fe77ac16fdf10385378
pulcinella.eth,0x0a07bfd0279cab75384aeaffbe33e6e9143e7b5cd93bf8ac601a32ecd647c73b,0xa424141bf98c4b3c671712326bdc9d77621e11374cbec649f2f23c503b3972d4
beast.eth,0x9d35fdf310930189480ec4084c6fcc5b384290311d17f00bd7bc57a706f983fa,0x094b143d5d3fc172b55ac71304e3454788b214de15fb60664c8899c15852c698
darkseid.eth,0xe4d4486f18edb3db69e4745f0c6726823b7f0a51ffb2b92f13e92ad2c29c1875,0xb39fa4ceae6fa4acf66d2c88c8c5331ba6659675643134951b5779759be0ed33
scarecrow.eth,0x62c69b480b68a67a270772a81068a1afe6e67400dcc7b29199e23a2756765563,0xe5084fb1097a7eaf287cd2b26d0f79e65ca7f53a935b9b51ca442620d00e3b87
megatron.eth,0x1bb7562f974f920e8fc5d9f7db241f6fbaaa2203f76092417b5ca55b1b460068,0x59361a5645a993b4e1b5908a86edd747fce6a02d315177dd5e3eb93e13b2ecaf
sandman.eth,0x9f9519d7ce76776d489074e8ac6a50770d41b63086ec00b52712021e6cde95dd,0x3c6ae694b6c1981bb0fbb3337cd96b42084a90cfbf045c0ce436d4b3367e2205
kingpin.eth,0x2338146691ada90004f2905536fa03d6ad2988dbca76df10842194ede0404707,0x1a0dd09addf76161052565b5c0a0ebe046e7f1aeb5dff704871da40e563a40cf
galactus.eth,0x4ecf8a6f9a1d15642369dba84aad90f488cd253c48dac7c3100a7f689169d475,0xd5503965cce1339ccc11eacd7b3dd77545140e452f30684a553cc7d6f3c872c6
loki.eth,0x17697b5ac6233ad82fcaea85cde0449661dfb6a46fc90e9eb2bd9ede1f222395,0x1b675fa3af6c83804ab236f88d6be85c47926eea0993a7351dba53aa3e32bdce
finn.eth,0x53922f6b636d59ba58a957e28c6f831e5344ed10c7ad5f024ad292696a475954,0xd2ef9ddd9d4fab8d62c7520a2eac5cf1ab649f2b398141b9c5a841a02e894937
toad.eth,0xa4c689b703eddd4ba8a33e398bb583a74f5d452c84a5970cb4808a828fee82b5,0xb99d0808ad8ec76671e9fbb824a0b8f4e06dbd228ecd6be0ba38a3695fb5c96e
simba.eth,0x329cff0253bbf5c736932736432666e596ac451da919466244eb1615691fc6b8,0x527a8dd83057f5c51788d6485e44333721fc9dbaf853ddfbaf15bb583cd6a785
fereydun.eth,0xe5bb27303aa48ceaa7af74852592ffc3f80cb8149e87bb7316218387b56222ea,0xf577aa97f84c6d606a19578822ea05524b7b8194be316eb5fd3e08c4ef3b762e
bedivere.eth,0xc65c149efebfca851df9c6d22f2a829cbc676df75c8fc5bf3cb75e2d0a24ea88,0x17dac72a83a27f7abc3e0e153c595921ad4a7aca0fd73fbf3a6cfa9cfc98b5c2
celeborn.eth,0x69c914362a20a5a0630be78663e7636d94a6a1ba82ac5cc767d64b318a0066bc,0x6f1300cbc17b7ed04fb34cf503d58776566d92e38e5dffaf326c7bb812def5b5
romeo.eth,0x63ffc76fe122ff5e786ebca88dc7d3dccef2e68ada57d585b20b1656453b9ebb,0xa114fbe646f88acb8e4a831edb2da98bd11284cb34c5ee855f41e89f2221bb11
lizard.eth,0x99f44d0d1e9205b62a37b5f21e0f8e1b24ef653dc055e30d771d22293565e2ea,0x44d8877a2de8cb9c3f51fdddd9d78c85b31723f37d26567841d5fadc594406e7
groot.eth,0x13e3895792c426d9c0deb19cea6eb48ad45bd2ad3d9cd81c0559629bb98e24db,0xe8013254c2aafa964e5e142bf689551cab6a4dfa97d22f849264a80babea38d1
quicksilver.eth,0x4a5270b0390d4941c88e2e45eea84be15a24a5f38891b8a0af7e33b047ffc9c1,0xfa55e71d5adc8144b22e2585edb507ad5c95c132a59bab26d11c7d85d3a0cf62
mystique.eth,0x2b4927ad47b89482cf4dffeeef38b1e4496017d6d541864a31ff68f9467cf798,0x018ebe85bd364cc43415185d213e17f90dd7139e7f666bf0ee682746f4c19367
melusine.eth,0x957812364e85f29ee2b4f3338050694db8b74643ea209292c13a2d59b17af78c,0x3b737ba3187a1021c2aafb0f01825de5fe9bc6c3b17869c17932277434606918
cyclops.eth,0xaf18eac134fe2406136a3c3db593fedf3bc370cab0838c1b3e129101e7559af1,0x0f69f7139c2276fca260415a306fcd39c6d7fbc352637f47fb2856372253aa6d
snowy.eth,0xd4e94e62ba4ee2d9571a93aef6f2a44f05cab5e9a2b6fd019d0a2fc79cca3530,0xcb3e36c41c73daf23556184a32bb116c7cd11e4f9bb0192063d4bea95792f43e
wasp.eth,0x52721845276c2545f0cb0e22b6d4cbc93235e7639bc3d5323aaffb76144a4f1a,0xda94a88fb91f7f6be7a6a065c771f647f2f709a1fe9c03c47e5a720a91d5e2fb
ariel.eth,0x9aac84af826a1bd56d178d69f367f08c0413e0ecd1cd7e6fffd68de495127151,0xb7aeadbbfb021ca96ccf7f216bd3409568a25390351cbdb9ff572f20685ef53c
brock.eth,0x350cdf89c6fb99f8cb693d0a52022aa479ff91b677df6617de454d6702d43792,0xa58a19564a5e315258d0cd0274679f6e86201fd4faa995b40d176361fb9a3f83
subhadra.eth,0xcdb1543055adc00262dd77de55e41c597e0af98d39dafaf7c859cb6263d12a35,0xeb3a294bf0fd96dbe5f39627dbec041266a2dbd3622e9b54a347c5a92137e272
satyavati.eth,0xb644a6b5ea423c4d5d596df6c4de8ab436fe38a37edcec92c9eb51d6355ae9cc,0x32d5559becdd0a448bfafdd20fbcdb9b04031ecd735f164e064a19860efcea6a
aslan.eth,0xafc696b8047a76b4659b755da8d0b7137be136d3f43c5d8c8ef2ef5e0b521a62,0x7ebd2ea2e77261601e8940e2569951be57d7fa00f5e857afc6f4e3877a798731
leshy.eth,0xd0bb5ab35b761d5255bf9b5962d835d937f4f693756adb1497aa93ff6068d7ee,0xe180ca6dbfeef4b1a51247ac125b12c1aa52839693f9a52634ebd82d03c627e4
caganer.eth,0x0c50271263451946ddcd705ffdc4f5af889540d9b82e54ff2f027d183688b1a0,0x55a75757b8e29dd2266cd950d8c3044e0623cf1bb8e6eb63d75116ecad78c82f
pierrot.eth,0xbff52f1af12d6e18d8a4c1f19cc82fe141b847dd86687fccc84da92b487f14eb,0x97ca6439f7e8ce644c898bf69f43f913f46f21fb9cefee561dfc1859866decf6
misha.eth,0xd50b1d12d1182ef787ff8ffdfc6d3064a5a0ceefe633661fe8656f1798387d2f,0xbed6939c019e59d554415eefa2cf62b4d845b3cbfa5dc70d1c3fc9d9cb21668c
vision.eth,0x3ffb1278e9186b76ad7d65d6cd93ae157059c833489d39569fda8d4d4a722e72,0x690804214e6a7d26155845d19149bb238adf8c933a46ecd1255b499fc32ff85b
grogu.eth,0x34476d3f69046d58d640e83ee336164886ef64c8155ae14c0f16445c55dbce01,0xfb9a18323c976a1e3884832ee3f286143100db4bc9de06c1699083af08ec996e
marsupilami.eth,0xda8de680930fb98ae7949536ae95d68f468c944bea6302d04559ca07e6644a73,0x95a655a97cec7d661196ebbb4a445a1cf7e81772737ee8e1565380011bbe56c8
misty.eth,0x766f5805b6bb5cff821dba90669baaba506e95c17d85981de7fefe7c1afa3976,0x7e69cdf00bcbddbe2a247f3644f48b74b45ef1dbfaf5d8f9893d7a1a1ce2f64a
woody.eth,0xa95b485bec6680f39f64ad70cbbfcf677083ad9fc9ea34b527fcbadd81234c80,0xde891419ebf058adcc03b319519f50c99cac664964a3f4bed6f2c1327c998abd
bhrigu.eth,0xd2e33aa5e72612e8c7cb2aaea577852d30d596dcf90f522f2e4c4af07b6c46b6,0xdadbccec2bf7f33a5fa118472a58a71f3ad86a76823aea8a8fa43b3e28fead80
winnetou.eth,0x9718d5d9935d295ee2e6f31a929768e0b3bdc6faeacf01f1ff603f6391fa3265,0xa25de6c693bdbd6e54dab5c43b4304350f7646cf49b0d5c8f3dd68f774116fe9
treebeard.eth,0x8b90425850da6275381d33a8e1f65887ac94ff8594b771fc50c026c2327eda74,0x22c65ea09cf46340258c6a3eea6ce1a6dd858b6059a7c23b8d92e62f6a237b74
data.eth,0x8f54f1c2d0eb5771cd5bf67a6689fcd6eed9444d91a39e5ef32a9b4ae5ca14ff,0x4a9dd6923a809a49d009b308182940df46ac3a45ee16c1133f90db66596dae1f
elendil.eth,0x24f4e05f5de6fb870362b0b74cf18c58434c04d4574401b3928515b6bd937721,0x32ebefdd2dab32dcb5df754b1fc334e8870ac94305f9065d0a8f4657ca013da0
wojak.eth,0x787e5e82f2b5d2fc01d3694bcd80dc13dbc005a6c59248523d3000d035fe71c4,0xea111c78ab2b20cca50dc94e2a73d52e4d491f11cdff8160e388ffe19eb3abad
doraemon.eth,0xd104c82abc1c83d85dcb69f88b4775d6e7a00244d570aff8658d2b34f54f8313,0x928f5f7bf9f112b2d9e1c19e17c16bf2843cba61b6c7c59a30ef6b3b757f65f7
nightcrawler.eth,0x56057f7e0e079ce04eddabf5090fafb643e258fd189f0624f99528a6b13dabc9,0x8188f37c734816180d3e5986a520b63167a6718837e42d523ef31b7a0b7c881b
skynet.eth,0x05c6028eef2f9e8838b297a862191417940a6e277912a7bdefcca06bf2a54eda,0xd4d9a9bb25bb996f17ec95337b1950b587bf492363d03daf82c3ce5c33d5be2e
sabretooth.eth,0xa137496e0aee89ff9f0ba32dc1a8098a4e17c8c3e321e6c77604e69122aadde8,0x5d3fa32ac06bc890802a62eb0fdc8ec9b01ca328205e9fc501efc50546cc9a13
pedobear.eth,0xd440a5516f8c12902aa92101579b53cfc368a10f00d23e0c79de854f12a73192,0xa26607baf1b0896215d9f952101459861e2f64d4eee3a8c7ca76cfb779938f41
hellboy.eth,0x34b8532f2c4dba7d3ed7b85a907a6ee8ffb46ee4d21d30e6683c1b4457d3c3a3,0xf3dbe7ab28bc75115d411c3e0c1e26615f7b7f9920c74687fb41dc753f4f4e4f
mewtwo.eth,0xb9b8f0d78d0bdd465a82968cd60def2c9e8b98c623a9aa153d29ee6793833a7a,0xe43b3687f54bc31fd3f0cc342909f19722f8dac6b1a294707706903c4c8dd2d4
dementor.eth,0x81b7743a28e5abab66d4ef28f311f8a1b107d0910d573dff98a5be1a6d79c3d0,0x65f9101c590e73ba8a67d25dd3d6b3956cc74b0ecaaa71ad7943e497510ee0bb
ogopogo.eth,0xbefa37c55f16a7e2e1d35f6096bf7a553a47ab75164fc46b79524f8b9f0e390f,0xce1778afc3a4d3bdbf1a400f8bcbdb53db585805a1a96da3a6051301b789a271
shrek.eth,0x1fe1b78b09f78fc0a203f0d86a7913c31cf486293d32fd8ac6da717cf82dc30d,0x8d54e3af092a08713ec4341c98c42f04c166888819006804f242b8f4ce5e9bbb
sylvester.eth,0x846e0d460a840ffcad6a9626cfc12c41c7e1035e5caca73c05e74c935d396773,0xd4158a9ed8b86588de3f9b7c3d33bb8445afa73df49e6930472328ae87690d1b
faustulus.eth,0xf6511d3c42583b28f63729264d678436903c9aba7ab4e7997560800f47d8100b,0x515fe8586f570929fce68aaa6cc5aade69a1e87c29bd4bd81f54fad61907ddfe
waluigi.eth,0x4c7c9dd037f77b1ace08a0ac249e7afc9ef1620f44612398f9c4340c01829ac5,0xfe0ee428473b5fa5052b2002239c664596832b9c0c9f7c877bdc8b34033fc969
ahiqar.eth,0xff568a399e68fa97ea067a1fdf7bc0960ad375f47fe8f27db4f57d3d63d8337c,0xe943e82d39d9a78f1324b85a4efb166ded4b6ed90f26c44027ac77d570dbca38
pennywise.eth,0x8f6ef50136c70236a4c3db7891a091c3171c0693443db025f5b4ed0bd7faf819,0x8c9be2532f16946e55a14d4f2e94400d8bab0e49ce3a0e17789282c319c0c046
kamsa.eth,0xb0a5e67e30f7b95e1b87f156ecba64aa029f971ad220b42207b0bcc4be584e8d,0xd5236bc35141b96df410b334d0e5e6342631ed3ef633f0f35f3f8fa22e60296c
sandokan.eth,0xd3195cabb7a6febba62e88006906679ba37b6eff5c5dd9c4462fe6e52bf51199,0xfcfa00474624b8be8102e02dfc7f7021775809c3ced9fbb526d55c377ab514bb
firebird.eth,0x14b99673914bbbf8dd4b1d6b851ec2ea811212a0d14faa59dc51646711ed37ec,0xc56a531c6793aeb92ac499e587eb999555153b3424ef24dc585e69db9fe9493c
finarfin.eth,0xee946d4a313ca50e5473b288675929c85ada1c44895b30eeb8ddcfdc0fbd468d,0x77a3b300a8b6d0b18d842c0d41e6a57aa77ea00da106a22bc403e64e9804dbb1
dobby.eth,0x226bf2f340b5113957f1644958d22488ec09055cedf5b8774b2d123e057f9a4c,0xc860e3422284e0e26966c6c32df6eb3f2e72e0b339de3e7a013bada6637b1eee
juliet.eth,0x314e572a4506a743211d58c28b77925bbdef4a09550bc5b21009ff007b05e242,0x0a0f68a1445fddfbfd47c112be06e5cf8114ddc4e43152a6c6aede1d6b380b1c
nami.eth,0xc13f71cc233d12caea1b4d6bda8c1552ecfc0e3f12dae518937fc477a2b3df77,0x3affb66ad196ca15f832ccdd46d28135b4b37d2e6e9ddc3072772dea6b0e71df
bulma.eth,0xfa3b32386d4434250dfabd0229c501931c85ecca02ec2fc31d36e25d3ca4d556,0x30ed4a9e331d2a8ff0cd97bf63bcdca479ba96d5f7dafb702ceaae7fad216846
zakami.eth,0xfe2b4d1248f1ed847e74009d24a8ef521083053cb9b521220090834d708bc701,0x2c03f79e44fe794ac665d50e6f5b404ae19db735824dfac17f705ad8876677c0
bender.eth,0x148deb31376bfb3d0bc7933078b1b77c088e249a9f64f99cb363345e7d9c4fb2,0x2ca2a563e602cb3ca09e6721cd01d0e094deaf23f1289b1c4cceee9fe743c1c5
rogue.eth,0xbc73be744b3133b3c59c366cb0d70c4ec52199a29116f68f631facac63511e1a,0x06525236c149b8bdb3df576d22bc2824631638bdf079ff8593f4d71b940adb6d
thing.eth,0x48601da736409e0c79597392be3a789426b8e237e58ee2fedefb5a04b573153b,0x1b25e4f6c50ddfafbf254b21073aaa658641d68a1ded72a83c16ce96ab76498f
garfield.eth,0x780a589515f174f1a4adf62b2073328a8252804576164f5a760b77a41a90d34f,0x242d63e3a74105af5e644ae5a22042ce1e5366b2b269b362f3abbc7932479ffe
carnage.eth,0x40b47732716f7c26104bde20aae751921f40674bcb15e9db022d06fb7f3c553f,0x22442f693b84d7733df78f63f8e5ca1fa32748a7ce530700a75a9894967ed3e9
scorpion.eth,0x8b25d2070f53d345ac97da24b60dd28c98d63408252e00e4c210a8ea3cbf6e3c,0x6a5783d1b3bca7115904e4465e62cb336abe099fe51852482e3e6503193be25e
vichitravirya.eth,0xcf5c1f387a116f1ca28227c98b27ebb5e90581a63394b9c246bd0590a8e822a7,0xca1cd37b7e18e9acc2d315784a65bc7964fab25efbf04118915e1621207662fb
falstaff.eth,0xb79d4b29cd4c14a27845b6b59cd419ef5407da09df04ecb3b1daa89bbcfcd619,0x4b8e55a13233043e2af5fbde62d46fa3b68dc056a507a5ccfca589cdf75fd0dc
worf.eth,0x816d82da929cf05e5da6c83af3f70b058eb04f6fa8065f5be0ce207dd2c6afa4,0x96a461d11d70171c0cf9fe994a06edff5f80b1d7f799be1d77e0532cc14508d4
numitor.eth,0x15c6952fd98d2a99a4e047afdbb63c41f08b4146b67115b64849135a1ca263a6,0x5272f8a49bfe922a640117ca126c210abeb19fdfa73bd86f70e2add9cd1f6ff5
turnus.eth,0x5f425cae8712dc0d3c1c83a8adf95e43ccf015697716c1ef37376189e518b5b7,0xca426eec06dec16b2a7919a45322b973cea85cdcb50c09654439ce9810641d5f
glorfindel.eth,0x914bf7c3a488cb2dcea30cbfba4d20dcbf6e8c1f5db81962f470672e41556bf1,0xbbcb879581cee163344fb1711d332caf76282312fc40679f7f0953c004af958c
thingol.eth,0xb849f6f06e19e41a8c92831a7e42a0d6afd3a485ae10f5e1c53e1492ea753e4a,0xd757b7fa03a674581b4168de410531e3e94f9dfd2313bbcdde3c197ebcf73f57
maleficent.eth,0x369393a6d4d14311ce465484465f98c5658682f3d72fb48bc283957a283c4f98,0x0c1ec1c1d4b4c7a48dfda6ff64d4727df8ad65fa729931f4351dc5811fb47313
eevee.eth,0x3f6e8e297e264e89e27d1d2e6100edbc925752cc0494e8188be623290686787c,0x355d6604b04167ba9c9d512cc1c559ade76b49fc742c931aa274e146bddaa29f
fuleco.eth,0x88e78c936bb6d176cb6e11da538c2ab60573003af12e07342c60b73469995aca,0xcaed402b1c0b4c25d7c8526fa3ed1213e93b9517f39268233e8b5544d13e1213
mothra.eth,0xa2503da3574d7e65e8f2e933a18caab6eee76abdfdf291b8e0cc2e92333b454d,0xf1e7f0300d710ea36782a752b7b22ced7028e7d5a85682be4ac35c9bf35d8e19
leela.eth,0x45b516290495a285ed71703f16147eee8eb53b9bda325e6b83caf6847908ecc8,0xb0e141895d2cb835d5bfa44ba3264dc9ddeb50a703fb78c6acce18bfa2667d47
iceman.eth,0x8fbeeac222d282f35864bac5660073437477c2a42c8b3f1f0ec700a091d8e0d0,0xd127600fda9e705fd0140446e60a3992b938956cba0b2e0f1ddae750077389c3
spawn.eth,0x0217c73ea9ef26581623f20edd45571c1d024612b70d0af3e0842c5b0dc253cd,0x7c8d3b4b39fbced954ae5fd5c194d06b37d9003b18e5670642897e703271ade6
electro.eth,0x9424a072757777cf72aa8e03503327e7aa523c4655cd1ce05a19fef85e087853,0x15ff989cb6c060f4b0c000987d9115ed6dfa7b418e41d991d13c6f31c976cb08
deadshot.eth,0x1f4984f48a8de18f35563b44ff2d29fe3df6fc679befe9e0782965a82936dbca,0xea89c23d5e6cb1796ee1a53ad52635e2d60fa5ba192659fa91e68e392eb4d931
deathstroke.eth,0x00126f1a994caba0e2aaeb148e58064c246c251d412dae540e5f042a6317dec6,0x9d61b6862dfee1583ce287f63235748798aa30d932cb94a4623ad8bb9bce264a
rokurokubi.eth,0xc3625b518ee56660722b9bb51c1b13c6bdd28934392fdf94910ba9a05c358d10,0xea39b4dc0484843ccccc7e31e7e6aaa5f1e3c4959de3f729fc436caa972dd0a2
eeyore.eth,0x2acd78d7c96cf1bf97b5209bbd76f58e64a69cb4668972fa9777c2f772f16330,0x0292cd590746e22269d221015377b598ea817875ca9bc163a83c828d1bc39b0e
ghostface.eth,0x5046b25a2f0055c0b965b36970f1187d1bec7e8d8123dead67dc1d88da7e9d88,0x7e96b197bd1066fda755f482170cc19e6a584d8b63158b60d0d55110b1dacc23
sumitra.eth,0x73bc8c54d5f2db778c3c0d3796c99b76906719838eb40c4d996b8d8b5ac8c46c,0xd79458700beba1ca309d19db30c662350fd8a418ff37b58cb54a660e440ba979
jasmine.eth,0x33cb62fa4f9fa8bb5b69f5a1f843e9d3b14d57c508a3c76190845b8774676199,0x59338f36e2d7ad66d1a59c14dec1cf1ad33b811c595f60be77dc8df96e51243c
kratos.eth,0x22f1323016fce7e12a18981e485841166e93a6f4cb3c299812847123234298cd,0x1808144885c1576bd5e180dac643ea5d5ca8c755116b26c695d1d3e5158eb568
columbina.eth,0x5b44a34e3580c29490d1a8f0b7e2feb5f0e18420c559efd6ef9a681521dbe642,0x2a90d4e5be5a035576dbce7cc159bc30fa8ddd5dfc18750da37a81eb1a7a94bf
piglet.eth,0xb72baf88976d759d1cecc24e3d3f1500c65b7da3c68e456a59d93ebe0fb39f57,0xd6f6eec3a5b032e8d231f17ab124ccdfd4973448e861f1218db35abad7f90255
balin.eth,0xb7518f52c446b8918d8adb30c3ea7e469d824b358ff0484fb4e19e2ef61fdb47,0x883090622cc0e1660692907c3aecfe98b4284f7cb3d52cd0ec47c9252bb7f17f
tarpeia.eth,0xc1a02a9196411d343cecc11431b139d854635f1bb1539bcdd6471f8238bdb8af,0x4f0e597146acb8311b94f59f1d50dd62a6d3245ae65166c074b33f3fbd87f176
krillin.eth,0x915e740431736a7115f0df513f0bc295eff0bd33827d9cb3b970b465d25df573,0xe067ccd23f019d2faccdeb27cbc56eb00f22ebfe550cd76338c6db5798538540
domo.eth,0xb8ca5d0438f2f420f0a595775343bf37f3a2667c58bd149203fa814bff0cafc6,0xddb84a10c3a8e619cbb74f7edcd5d3dac1f50f533ba610b3a63be42ec5b33ec5
rodan.eth,0x054b450d214d0b3c756c1b61615600e7c98d36e05e525c16c490a0804fe6532f,0xa2f0c2fa22e0c1ad11cca9b2ee70ba3f8ca46daac3a99800da581357eb9bb62d
gohan.eth,0x727fa1468f0beb04511b9c535c360af5e869fd3eaa5c7e146d7e96fed35a9966,0xc12e2d68182afbc044c4418e49beb4ae3ec99145b661a0b1240af0301ab6f9c0
gargamel.eth,0xd023d38c494e6dffeb52368d80746c93391c3208c231707352b3537f22f42ece,0xefe90fb4b75dc80fa50c1cf1739b5b789dbf125a5fd9ddbe61ea62654d9f5a29
fuwa.eth,0xecbbd471e6d1dea33cd2f16ad9d0335a2acaef2265f011c56a5d902c9c5418b1,0x98bef3650fdc25aac70da72b9b1754c889eb995e77efb6cafaaea1a8abb130af
elektra.eth,0x0ad9e7957e6a54acad90eb72fbba84b509d3da7c63ded760be1fd0db22e0c18c,0x7f2ea5217a3feeb38575967e4c2c8b1a279c47ea1a25b033c9ab00e670b6a302
colossus.eth,0x88805d6bd17c25e3ee422bc45a4721f347ff9257daa7e6fde78c8882ba136353,0x396dd7c82afe0e27f6f278f25ff39deeca8bc7490a79ccb9bc0060aee8a37373
katara.eth,0xe22343c6e29b065d6335a41aa5ae1e830d7626f84a35830b94d3e1dc7fbb6f8e,0x03b33a683d741958f0c68eb2989bd76e07427ceb071aff7c1723555334ff8c47
ultron.eth,0xe26a49f055c6ec29fb4ac4e8684885bf06cd478937ad2e07bf948fa116a765a6,0x52caa76bf257989b017547c5177bfb6ba920037d55f95a268dd25f5e13b2da29
morbius.eth,0x766f631dea089ba61265543f8b02091fac92b34fac4c4c4878e3f1906999d7b2,0x6b18719ed592ecc2fcee93c29b0b6ebfd556768ce723b4c2b5dab674c53513b3
scar.eth,0x4f64faecc1b9a272ef3a8eae85d610fb96e2bb529f85d9076fdfef3ca84bb8ef,0x8059fa49090796ca8fb60a7fae917b224a0c9b58c6e0c34cd104f85a62c07361
jerry.eth,0x6e46d5e72198884768d192079b7a9493d5649e7158e3b4ce0be4121740bf18d6,0xb094e6f20fec227165cd569607139b1046771734c82e4870c517d81a79956ffb
jigsaw.eth,0x6b7aceff39c6f5fff82194ec366d1377fe1345d850accc6eb32a071d65f39f61,0xb24550e337794461e6a6b9bd13b1b4a175f0ccfb58c1f79b866c698bbe68dd70
nezha.eth,0x8c91819dce4142be12f11a92e3ade20e95dc6f6010f535ba0f30a77a5ff22093,0xc8df8502b3ef18cccf3f10cc855de534857e8bae21c64740820cdfd137417411
ekalavya.eth,0x393481a318dad6bd8c63c8d5bf5196e1f8167d4c6d0bb989b7d420fbcc5f83f0,0x438f291920d599c2cdbaf152e594aab55e6bca7e5608746dac47946c5924b745
bumblebee.eth,0xe5cd674d0ebd7bb63ab57f7619af6f7ec0e3b1cc92a5386b7d95b80a3a29bd0a,0xb234fcb8b1bee8a1b7897ceba55a0ed482bd3daf5960c1218200eb92905590d7
zoidberg.eth,0xf48972ae1b8581a5e5eaf2be38dc8f5bbfa526592a1314b0c42d70e089b9f2a4,0xe5f81261861edcd6ff7df58ed2a80199db4012ea07df90b262f150c02cf2aa34
frieza.eth,0x3a211ed85d32319d4020e1bd3a66ed59b91027725b450c6df4b4f92ed3645371,0xbc59080c11d2c0a9cc0ed8e36bd4b2d471387567d687dfc2327bb12f31b9a84f
narrator.eth,0xa83be6a3022c50c324ebf69359cb6b4cd94a9971a5d1900568d0f37161a4175b,0x91d8ec5ba447591e7959e11a6d179469d25d76f642aa4d65c8f587e95ba94cff
elmo.eth,0xe23ae07d2ce553415820e821c08a1d968a0939e7d7ef788bdee8724e7a5a46b8,0x60c48d44a8e3c5059b77458a8004f5b96575adea7de9f316d5bba5d9e627a187
gamora.eth,0x1b62bda3b6fc03b7b6bd4efbd658e04085516b5116611c9d368ead65c1e40eb2,0x3ec70c31690bb469f11d34846267edfa2b5673cc47bfa68e070265906b858d6f
juggernaut.eth,0xa2bba54c5d4d7d3210e906ec9cdef35f4036af048331eb3a4b76d7b215c998a2,0xa1bf56e0bf72869add3b527f291393c9a27f256d5c6c4a1633b45a3bc07bf1ba
sokka.eth,0x469e49266ab45ebe32a36cc88a8dbb122a0ef8ba6521edf7faf44ee7554df796,0xba2c5ebb2b33113332129da4e8b4362ccf6c6ae2ee9926b315558ed90d53db55
rhino.eth,0xde399970ae62485197db4a899ebb8358d754f88f69d389033604b1980285d786,0x33471bb0096fb2b642b14224803f120fbe60f7a926757e1b9afabd33eedbf6f4
zuko.eth,0xeff4df2a4311f4d5b41420cc3c7d416d3d9829054fe64d7615e9a8bb4981655b,0xe15d7fdb35a9f53e4919aac03993fbedd2d6c2b363f3330da39dacd34bb0572d
mysterio.eth,0x3aed2b315a42a3d514360503abbfa5e43d2cc919f554119eed43d9c16c4b25c6,0x375abab9f63d7f5844ae30e9ed9e9f8945c63eaf41c5092bb6c7e9640919eea6
falcon.eth,0xf0d3ee2215e5485c23731b6878368eefe3e07dd86eecdc815820753d728f8239,0x5d2ab25fe6f0edfb5464d7c42b4b18f0664b2288648cf819bd75d4348e5fa6e3
